-- EagleUnion_Georgia_XP2
-- Author: jjj
-- DateCreated: 2023/10/31 12:19:19
--------------------------------------------------------------
--Extra Agenda
INSERT INTO ExclusiveAgendas
		(AgendaOne,									AgendaTwo)
VALUES	('AGENDA_THE_HERITAGE_OF_GREAT_WHITE_FLEET','AGENDA_GREAT_WHITE_FLEET');

--Update Units
UPDATE Units
SET StrategicResource='RESOURCE_OIL'
WHERE UnitType='UNIT_IOWA_CLASS_PLAN_4';

--Units_XP2
INSERT INTO Units_XP2
		(UnitType,						ResourceCost,	ResourceMaintenanceType,ResourceMaintenanceAmount)
VALUES	('UNIT_IOWA_CLASS_PLAN_4',	1,				'RESOURCE_OIL',			1);

--Trait
INSERT INTO TraitModifiers
		(TraitType,								ModifierId)
VALUES	('TRAIT_LEADER_HEAVY_BARREL_BLASTER',	'HEAVY_WALL_ATTACK_WHOLE_RANGED'),
		('TRAIT_LEADER_HEAVY_BARREL_BLASTER',	'HEAVY_WALL_ATTACK_WHOLE_NAVAL_MELEE'),
		('TRAIT_LEADER_HEAVY_BARREL_BLASTER',	'HEAVY_WALL_ATTACK_WHOLE_NAVAL_RANGED'),
		('TRAIT_LEADER_HEAVY_BARREL_BLASTER',	'HEAVY_WALL_ATTACK_WHOLE_NAVAL_RAIDER'),
		('TRAIT_LEADER_HEAVY_BARREL_BLASTER',	'HEAVY_WALL_ATTACK_WHOLE_NAVAL_CARRIER'),
		('TRAIT_LEADER_HEAVY_BARREL_BLASTER',	'HEAVY_WALL_ATTACK_WHOLE_EAGLE_CV');

INSERT INTO Modifiers
		(ModifierId,								ModifierType)
VALUES	('HEAVY_WALL_ATTACK_WHOLE_RANGED',			'MODIFIER_PLAYER_UNITS_ADJUST_ENABLE_WALL_ATTACK_WHOLE_GAME_PROMOTION_CLASS'),
		('HEAVY_WALL_ATTACK_WHOLE_NAVAL_MELEE',		'MODIFIER_PLAYER_UNITS_ADJUST_ENABLE_WALL_ATTACK_WHOLE_GAME_PROMOTION_CLASS'),
		('HEAVY_WALL_ATTACK_WHOLE_NAVAL_RANGED',	'MODIFIER_PLAYER_UNITS_ADJUST_ENABLE_WALL_ATTACK_WHOLE_GAME_PROMOTION_CLASS'),
		('HEAVY_WALL_ATTACK_WHOLE_NAVAL_RAIDER',	'MODIFIER_PLAYER_UNITS_ADJUST_ENABLE_WALL_ATTACK_WHOLE_GAME_PROMOTION_CLASS'),
		('HEAVY_WALL_ATTACK_WHOLE_NAVAL_CARRIER',	'MODIFIER_PLAYER_UNITS_ADJUST_ENABLE_WALL_ATTACK_WHOLE_GAME_PROMOTION_CLASS'),
		('HEAVY_WALL_ATTACK_WHOLE_EAGLE_CV',		'MODIFIER_PLAYER_UNITS_ADJUST_ENABLE_WALL_ATTACK_WHOLE_GAME_PROMOTION_CLASS');

INSERT INTO ModifierArguments
		(ModifierId,								Name,				Value)
VALUES	('HEAVY_WALL_ATTACK_WHOLE_RANGED',			'PromotionClass',	'PROMOTION_CLASS_RANGED'),
		('HEAVY_WALL_ATTACK_WHOLE_NAVAL_MELEE',		'PromotionClass',	'PROMOTION_CLASS_NAVAL_MELEE'),
		('HEAVY_WALL_ATTACK_WHOLE_NAVAL_RANGED',	'PromotionClass',	'PROMOTION_CLASS_NAVAL_RANGED'),
		('HEAVY_WALL_ATTACK_WHOLE_NAVAL_RAIDER',	'PromotionClass',	'PROMOTION_CLASS_NAVAL_RAIDER'),
		('HEAVY_WALL_ATTACK_WHOLE_NAVAL_CARRIER',	'PromotionClass',	'PROMOTION_CLASS_NAVAL_CARRIER'),
		('HEAVY_WALL_ATTACK_WHOLE_EAGLE_CV',		'PromotionClass',	'PROMOTION_CLASS_EAGLE_CV');


--Update
UPDATE Traits
SET Description = 'LOC_TRAIT_LEADER_HEAVY_BARREL_BLASTER_DESCRIPTION_XP2'
WHERE TraitType = 'TRAIT_LEADER_HEAVY_BARREL_BLASTER';