-- IristheLiberty_Core
-- Author: SbF5HSO3F
-- DateCreated: 8/16/2023 9:55:53 AM
--------------------------------------------------------------
--设置通用的Modifiers和Requirement
--优先加载!!!
--优先级：1000

--KANSEN

INSERT INTO Modifiers
		(ModifierId,										ModifierType)
VALUES	('EAGLE_UNION_KANSEN_UNLOCKED_TECH_SAILING',		'MODIFIER_EAGLE_UNION_PLAYER_GRANT_SPECIFIC_TECHNOLOGY'),
		('EAGLE_UNION_KANSEN_UNLOCKED_TECH_SHIPBUILDING',	'MODIFIER_EAGLE_UNION_PLAYER_GRANT_SPECIFIC_TECHNOLOGY');

INSERT INTO ModifierArguments
		(ModifierId,										Name,		Value)
VALUES	('EAGLE_UNION_KANSEN_UNLOCKED_TECH_SAILING',		'TechType',	'TECH_SAILING'),
		('EAGLE_UNION_KANSEN_UNLOCKED_TECH_SHIPBUILDING',	'TechType',	'TECH_SHIPBUILDING');

--自定义modifier

INSERT INTO Types
		(Type,																				Kind)
VALUES	('MODIFIER_EAGLE_UNION_PLAYER_CITIES_ADJUST_CITY_YIELD_MODIFIER',					'KIND_MODIFIER'),--玩家所有城市特定产出百分比加成
		('MODIFIER_EAGLE_UNION_PLAYER_GRANT_SPECIFIC_TECHNOLOGY',							'KIND_MODIFIER'),--解锁特定科技
		('MODIFIER_EAGLE_UNION_PLAYER_DISTRICTS_ADJUST_TOURISM_ADJACENCY_YIELD_MOFIFIER',	'KIND_MODIFIER'),--城市所有区域相邻加成转换为旅游业绩
		('MODIFIER_EAGLE_UNION_CITIES_ADJUST_TOURISM_LATE_ERAS',							'KIND_MODIFIER'),--调整玩家所有城市对进入特定时代后文明的旅游业绩
		('MODIFIER_EAGLE_UNION_SINGLE_CITY_ADJUST_EXTRA_UNIT_COPY_TAG',						'KIND_MODIFIER'),--玩家单个城市根据tag复制生产的单位
		('MODIFIER_EAGLE_UNION_PLAYER_IMPROVEMENTS_ATTACH_MODIFIER',						'KIND_MODIFIER'),--为玩家所有改良附加modifier
		('MODIFIER_EAGLE_UNION_PLAYER_CITIES_ADJUST_CITY_YIELD_PER_TERRAIN_TYPE',			'KIND_MODIFIER');--玩家所有城市根据拥有的地貌获得产出

INSERT INTO DynamicModifiers
		(ModifierType,																		EffectType,													CollectionType)
VALUES	('MODIFIER_EAGLE_UNION_PLAYER_CITIES_ADJUST_CITY_YIELD_MODIFIER',					'EFFECT_ADJUST_CITY_YIELD_MODIFIER',						'COLLECTION_PLAYER_CITIES'),
		('MODIFIER_EAGLE_UNION_PLAYER_GRANT_SPECIFIC_TECHNOLOGY',							'EFFECT_GRANT_PLAYER_SPECIFIC_TECHNOLOGY',					'COLLECTION_OWNER'),
		('MODIFIER_EAGLE_UNION_PLAYER_DISTRICTS_ADJUST_TOURISM_ADJACENCY_YIELD_MOFIFIER',	'EFFECT_ADJUST_DISTRICT_TOURISM_ADJACENCY_YIELD_MOFIFIER',	'COLLECTION_PLAYER_DISTRICTS'),
		('MODIFIER_EAGLE_UNION_CITIES_ADJUST_TOURISM_LATE_ERAS',							'EFFECT_ADJUST_CITY_TOURISM_LATE_ERAS',						'COLLECTION_PLAYER_CITIES'),
		('MODIFIER_EAGLE_UNION_SINGLE_CITY_ADJUST_EXTRA_UNIT_COPY_TAG',						'EFFECT_ADJUST_EXTRA_UNIT_COPY_TAG',						'COLLECTION_OWNER'),
		('MODIFIER_EAGLE_UNION_PLAYER_IMPROVEMENTS_ATTACH_MODIFIER',						'EFFECT_ATTACH_MODIFIER',									'COLLECTION_PLAYER_IMPROVEMENTS'),
		('MODIFIER_EAGLE_UNION_PLAYER_CITIES_ADJUST_CITY_YIELD_PER_TERRAIN_TYPE',			'EFFECT_ADJUST_CITY_YIELD_PER_TERRAIN_TYPE',				'COLLECTION_PLAYER_CITIES');

--条件集

INSERT INTO  RequirementSets
		(RequirementSetId,									RequirementSetType)
VALUES	('EAGLE_UNION_PLOT_IS_COAST',						'REQUIREMENTSET_TEST_ALL'),--单元格类型是海岸和湖泊
		('EAGLE_UNION_PLOT_HAS_PLANTATION',					'REQUIREMENTSET_TEST_ALL'),--改良设施是种植园
		('EAGLE_UNION_CITY_HAS_HARBOR',						'REQUIREMENTSET_TEST_ALL'),--城市拥有港口
		('EAGLE_UNION_PLOT_NEXT_COAST',						'REQUIREMENTSET_TEST_ALL'),--单元格相邻海岸和湖泊
		('NEWJERSEY_MACTH_IMPROVEMENT',						'REQUIREMENTSET_TEST_ANY'),--改良设施为农场、牧场、种植园或营地
		('EAGLE_UNION_PLAYER_IS_AT_WAR',					'REQUIREMENTSET_TEST_ALL'),--处于战争状态
		('EAGLE_UNION_PLAYER_HAS_FLIGHT',					'REQUIREMENTSET_TEST_ALL'),--玩家拥有飞行科技
		('EAGLE_UNION_PLAYER_HAS_MEDIEVAL_FAIRES',			'REQUIREMENTSET_TEST_ALL'),--玩家拥有中世纪集市市政
		('EAGLE_UNION_CITY_HAS_THEATER',					'REQUIREMENTSET_TEST_ALL'),--城市拥有剧院广场
		('EAGLE_UNION_PLOT_HAS_IMPROVEMENT',				'REQUIREMENTSET_TEST_ALL'),--单元格拥有改良设施
		('EAGLE_UNION_APPRENTICESHIP_BUFF',					'REQUIREMENTSET_TEST_ALL'),--玩家拥有学徒科技且单元格拥有改良设施
		('EAGLE_UNION_INDUSTRIALIZATION_BUFF',				'REQUIREMENTSET_TEST_ALL'),--玩家拥有工业化科技且单元格拥有改良设施
		('EAGLE_GREAT_PERSON_IS_SCIENTIST_OR_ENGINEER',		'REQUIREMENTSET_TEST_ANY'),--单位伟人类型为大科学家或大工程师
		('EAGLE_UNION_TARGET_IS_DISTRICT_DEFENSES_OR_NAVY', 'REQUIREMENTSET_TEST_ANY'),--作战对象为海军或区域防御
		('EAGLE_UNION_COMBAT_AGAINST_STRONGER_UNIT',		'REQUIREMENTSET_TEST_ALL'),--作战对象拥有更高的基础战斗力
		('EAGLE_UNION_UNIT_IS_FLANKED_REQUIRE',				'REQUIREMENTSET_TEST_ALL'),--单位遭受夹击
		('EAGLE_UNION_OPPONENT_IS_DAMAGE',					'REQUIREMENTSET_TEST_ALL'),--作战对象受伤
		('EAGLE_UNION_NEXT_NAVAL',							'REQUIREMENTSET_TEST_ALL');--相邻海军单位

INSERT INTO RequirementSetRequirements
		(RequirementSetId,									RequirementId)
VALUES	('EAGLE_UNION_PLOT_IS_COAST',						'REQ_EAGLE_UNION_PLOT_IS_COAST'),
		('EAGLE_UNION_PLOT_HAS_PLANTATION',					'REQ_EAGLE_UNION_IMPROVEMENT_IS_PLANTATION'),
		('EAGLE_UNION_CITY_HAS_HARBOR',						'REQ_EAGLE_UNION_CITY_HAS_HARBOR'),
		('EAGLE_UNION_PLOT_NEXT_COAST',						'REQ_EAGLE_UNION_PLOT_NEXT_PLOT_IS_COAST'),
		('NEWJERSEY_MACTH_IMPROVEMENT',						'REQ_EAGLE_UNION_IMPROVEMENT_IS_PLANTATION'),
		('NEWJERSEY_MACTH_IMPROVEMENT',						'REQ_EAGLE_UNION_IMPROVEMENT_IS_FARM'),
		('NEWJERSEY_MACTH_IMPROVEMENT',						'REQ_EAGLE_UNION_IMPROVEMENT_IS_CAMP'),
		('NEWJERSEY_MACTH_IMPROVEMENT',						'REQ_EAGLE_UNION_IMPROVEMENT_IS_PASTURE'),
		('EAGLE_UNION_PLAYER_IS_AT_WAR',					'REQ_EAGLE_UNION_PLAYER_IS_AT_WAR'),
		('EAGLE_UNION_PLAYER_HAS_FLIGHT',					'REQ_EAGLE_UNION_PLAYER_HAS_FLIGHT'),
		('EAGLE_UNION_PLAYER_HAS_MEDIEVAL_FAIRES',			'REQ_EAGLE_UNION_PLAYER_HAS_MEDIEEVAL_FAIRES'),
		('EAGLE_UNION_CITY_HAS_THEATER',					'REQ_EAGLE_UNION_CITY_HAS_THEATER'),
		('EAGLE_UNION_PLOT_HAS_IMPROVEMENT',				'REQ_EAGLE_UNION_PLOT_HAS_IMPROVEMENT'),
		('EAGLE_UNION_APPRENTICESHIP_BUFF',					'REQ_EAGLE_UNION_PLOT_HAS_IMPROVEMENT'),
		('EAGLE_UNION_APPRENTICESHIP_BUFF',					'REQ_EAGLE_UNION_PLAYER_HAS_APPRENTICESHIP'),
		('EAGLE_UNION_INDUSTRIALIZATION_BUFF',				'REQ_EAGLE_UNION_PLOT_HAS_IMPROVEMENT'),
		('EAGLE_UNION_INDUSTRIALIZATION_BUFF',				'REQ_EAGLE_UNION_PLAYER_HAS_INDUSTRIALIZATION'),
		('EAGLE_GREAT_PERSON_IS_SCIENTIST_OR_ENGINEER',		'REQ_EAGLE_UNION_GREAT_PERSON_IS_SCIENTIST'),
		('EAGLE_GREAT_PERSON_IS_SCIENTIST_OR_ENGINEER',		'REQ_EAGLE_UNION_GREAT_PERSON_IS_ENGINEER'),
		('EAGLE_UNION_TARGET_IS_DISTRICT_DEFENSES_OR_NAVY', 'REQ_EAGLE_UNION_OPPONENT_IS_NAVAL_UNIT'),
		('EAGLE_UNION_TARGET_IS_DISTRICT_DEFENSES_OR_NAVY', 'REQ_EAGLE_UNION_PLOT_DISTRICT_IS_DEFENDED'),
		('EAGLE_UNION_COMBAT_AGAINST_STRONGER_UNIT',		'REQ_EAGLE_UNION_COMBAT_AGAINST_STRONGER_UNIT'),
		('EAGLE_UNION_UNIT_IS_FLANKED_REQUIRE',				'REQ_EAGLE_UNION_UNIT_IS_FLANKED'),
		('EAGLE_UNION_OPPONENT_IS_DAMAGE',					'REQ_EAGLE_UNION_OPPONENT_IS_DAMAGE'),
		('EAGLE_UNION_NEXT_NAVAL',							'REQ_EAGLE_UNION_NEXT_OWNER'),
		('EAGLE_UNION_NEXT_NAVAL',							'REQ_EAGLE_UNION_OPPONENT_IS_NAVAL_UNIT');

--条件

INSERT INTO Requirements
		(RequirementId,									RequirementType)
VALUES	('REQ_EAGLE_UNION_PLOT_IS_COAST',				'REQUIREMENT_PLOT_TERRAIN_TYPE_MATCHES'),		--单元格类型是海岸和湖泊
		('REQ_EAGLE_UNION_IMPROVEMENT_IS_PLANTATION',	'REQUIREMENT_PLOT_IMPROVEMENT_TYPE_MATCHES'),	--单元格改良设施是种植园
		('REQ_EAGLE_UNION_IMPROVEMENT_IS_FARM',			'REQUIREMENT_PLOT_IMPROVEMENT_TYPE_MATCHES'),	--单元格改良设施是农场
		('REQ_EAGLE_UNION_IMPROVEMENT_IS_CAMP',			'REQUIREMENT_PLOT_IMPROVEMENT_TYPE_MATCHES'),	--单元格改良设施是营地
		('REQ_EAGLE_UNION_IMPROVEMENT_IS_PASTURE',		'REQUIREMENT_PLOT_IMPROVEMENT_TYPE_MATCHES'),	--单元格改良设施是牧场
		('REQ_EAGLE_UNION_CITY_HAS_HARBOR',				'REQUIREMENT_CITY_HAS_DISTRICT'),				--城市拥有港口
		('REQ_EAGLE_UNION_PLOT_NEXT_PLOT_IS_COAST',		'REQUIREMENT_PLOT_ADJACENT_TO_COAST'),			--单元格相邻海岸和湖泊
		('REQ_EAGLE_UNION_PLAYER_HAS_FLIGHT',			'REQUIREMENT_PLAYER_HAS_TECHNOLOGY'),			--玩家拥有飞行科技
		('REQ_EAGLE_UNION_PLAYER_IS_AT_WAR',			'REQUIREMENT_PLAYER_IS_AT_WAR'),				--玩家处于战争状态
		('REQ_EAGLE_UNION_PLAYER_HAS_MEDIEEVAL_FAIRES',	'REQUIREMENT_PLAYER_HAS_CIVIC'),				--玩家拥有中世纪集市市政
		('REQ_EAGLE_UNION_CITY_HAS_THEATER',			'REQUIREMENT_CITY_HAS_DISTRICT'),				--城市拥有剧院广场
		('REQ_EAGLE_UNION_PLOT_HAS_IMPROVEMENT',		'REQUIREMENT_PLOT_HAS_ANY_IMPROVEMENT'),		--玩家拥有改良设施
		('REQ_EAGLE_UNION_PLAYER_HAS_APPRENTICESHIP',	'REQUIREMENT_PLAYER_HAS_TECHNOLOGY'),			--玩家拥有学徒科技
		('REQ_EAGLE_UNION_PLAYER_HAS_INDUSTRIALIZATION','REQUIREMENT_PLAYER_HAS_TECHNOLOGY'),			--玩家拥有工业化科技
		('REQ_EAGLE_UNION_GREAT_PERSON_IS_SCIENTIST',	'REQUIREMENT_GREAT_PERSON_TYPE_MATCHES'),		--伟人类型为大科学家
		('REQ_EAGLE_UNION_GREAT_PERSON_IS_ENGINEER',	'REQUIREMENT_GREAT_PERSON_TYPE_MATCHES'),		--伟人类型为大工程师
		('REQ_EAGLE_UNION_OPPONENT_IS_NAVAL_UNIT',		'REQUIREMENT_OPPONENT_UNIT_DOMAIN_MATCHES'),	--作战对象为海军
		('REQ_EAGLE_UNION_PLOT_DISTRICT_IS_DEFENDED',	'REQUIREMENT_PLOT_DISTRICT_IS_DEFENDED'),		--作战对象为区域防御
		('REQ_EAGLE_UNION_COMBAT_AGAINST_STRONGER_UNIT','REQUIREMENT_OPPONENT_IS_STRONGER'),			--作战对象拥有更高的基础战斗力
		('REQ_EAGLE_UNION_UNIT_IS_FLANKED',				'REQUIREMENT_PLOT_UNIT_FLANKED'),				--单位遭受夹击
		('REQ_EAGLE_UNION_OPPONENT_IS_DAMAGE',			'REQUIREMENT_UNIT_DAMAGE_MINIMUM'),				--作战对象受伤
		('REQ_EAGLE_UNION_NEXT_OWNER',					'REQUIREMENT_PLOT_ADJACENT_TO_OWNER');			--相邻

INSERT INTO RequirementArguments
		(RequirementId,									Name,					Value)
VALUES	('REQ_EAGLE_UNION_PLOT_IS_COAST',				'TerrainType',			'TERRAIN_COAST'),
		('REQ_EAGLE_UNION_IMPROVEMENT_IS_PLANTATION',	'ImprovementType',		'IMPROVEMENT_PLANTATION'),
		('REQ_EAGLE_UNION_IMPROVEMENT_IS_FARM',			'ImprovementType',		'IMPROVEMENT_FARM'),
		('REQ_EAGLE_UNION_IMPROVEMENT_IS_CAMP',			'ImprovementType',		'IMPROVEMENT_CAMP'),
		('REQ_EAGLE_UNION_IMPROVEMENT_IS_PASTURE',		'ImprovementType',		'IMPROVEMENT_PASTURE'),
		('REQ_EAGLE_UNION_CITY_HAS_HARBOR',				'DistrictType',			'DISTRICT_HARBOR'),
		('REQ_EAGLE_UNION_PLOT_NEXT_PLOT_IS_COAST',		'MaxRange',				'1'),
		('REQ_EAGLE_UNION_PLOT_NEXT_PLOT_IS_COAST',		'MinRange',				'1'),
		('REQ_EAGLE_UNION_PLAYER_HAS_FLIGHT',			'TechnologyType',		'TECH_FLIGHT'),
		('REQ_EAGLE_UNION_PLAYER_HAS_MEDIEEVAL_FAIRES',	'CivicType',			'CIVIC_MEDIEVAL_FAIRES'),
		('REQ_EAGLE_UNION_CITY_HAS_THEATER',			'DistrictType',			'DISTRICT_THEATER'),
		('REQ_EAGLE_UNION_PLAYER_HAS_APPRENTICESHIP',	'TechnologyType',		'TECH_APPRENTICESHIP'),
		('REQ_EAGLE_UNION_PLAYER_HAS_INDUSTRIALIZATION','TechnologyType',		'TECH_INDUSTRIALIZATION'),
		('REQ_EAGLE_UNION_GREAT_PERSON_IS_SCIENTIST',	'GreatPersonClassType',	'GREAT_PERSON_CLASS_SCIENTIST'),
		('REQ_EAGLE_UNION_GREAT_PERSON_IS_ENGINEER',	'GreatPersonClassType',	'GREAT_PERSON_CLASS_ENGINEER'),
		('REQ_EAGLE_UNION_OPPONENT_IS_NAVAL_UNIT',		'UnitDomain',			'DOMAIN_SEA'),
		('REQ_EAGLE_UNION_OPPONENT_IS_DAMAGE',			'MinimumAmount',		'1'),
		('REQ_EAGLE_UNION_NEXT_OWNER',					'MaxDistance',			'1');